{
  "meta": {
    "title": "World Education & Innovation College of Kyrgyzstan",
    "description": "Leading higher education institution in Kyrgyzstan focused on innovation, excellence, and global education standards.",
    "keywords": "education, college, Kyrgyzstan, innovation, higher education, university"
  },
  "nav": {
    "home": "Home",
    "about": "About Us",
    "admissions": "Admissions",
    "news": "News",
    "contact": "Contact",
    "language": "Language"
  },
  "home": {
    "hero": {
      "title": "World Education & Innovation College of Kyrgyzstan",
      "subtitle": "Empowering minds, shaping futures through innovative education and global excellence",
      "cta_apply": "Apply Now",
      "cta_explore": "Explore Programs",
      "cta_learn": "Learn More"
    },
    "mission": {
      "title": "Our Mission & Vision",
      "mission_title": "Mission",
      "mission_text": "To provide world-class education that combines academic excellence with practical innovation, preparing students to become global leaders and change-makers.",
      "vision_title": "Vision",
      "vision_text": "To be the leading educational institution in Central Asia, recognized for our commitment to innovation, research, and developing future leaders.",
      "values_title": "Core Values",
      "values": [
        "Excellence in Education",
        "Innovation & Research",
        "Global Perspective",
        "Integrity & Ethics",
        "Student-Centered Learning"
      ]
    },
    "stats": {
      "students": "Students",
      "faculty": "Faculty Members",
      "programs": "Academic Programs",
      "countries": "Countries Represented"
    },
    "news": {
      "title": "Latest News & Events",
      "view_all": "View All News"
    }
  },
  "about": {
    "title": "About Us",
    "history_title": "Our History",
    "history_text": "Founded with a vision to transform higher education in Kyrgyzstan, our college has been at the forefront of educational innovation since its establishment. We combine traditional academic excellence with modern teaching methodologies.",
    "faculty_title": "Our Faculty",
    "faculty_subtitle": "Meet our distinguished educators and researchers",
    "achievements_title": "Achievements & Recognition",
    "achievements": [
      "Accredited by International Education Standards Board",
      "Top 5 Private Colleges in Kyrgyzstan",
      "Excellence in Research Award 2023",
      "International Partnership with 15+ Universities"
    ]
  },
  "admissions": {
    "title": "Admissions",
    "requirements_title": "Admission Requirements",
    "requirements": [
      "High school diploma or equivalent",
      "Minimum GPA of 3.0",
      "English proficiency test (IELTS/TOEFL)",
      "Personal statement",
      "Letters of recommendation"
    ],
    "process_title": "Application Process",
    "process": [
      "Submit online application",
      "Upload required documents",
      "Pay application fee",
      "Attend interview (if required)",
      "Receive admission decision"
    ],
    "fees_title": "Tuition & Fees",
    "fees_text": "We offer competitive tuition rates with various financial aid options available for qualified students.",
    "international_title": "International Students",
    "international_text": "We welcome students from around the world and provide comprehensive support for international applicants."
  },
  "news": {
    "title": "News & Events",
    "filter_all": "All",
    "filter_academic": "Academic",
    "filter_student": "Student Life",
    "filter_events": "Events",
    "search_placeholder": "Search news...",
    "read_more": "Read More"
  },
  "contact": {
    "title": "Contact Us",
    "address_title": "Address",
    "phone_title": "Phone",
    "email_title": "Email",
    "form_title": "Send us a message",
    "form_name": "Full Name",
    "form_email": "Email Address",
    "form_subject": "Subject",
    "form_message": "Message",
    "form_submit": "Send Message"
  },
  "footer": {
    "description": "Leading higher education institution in Kyrgyzstan, committed to excellence in education and innovation.",
    "quick_links": "Quick Links",
    "contact_info": "Contact Information",
    "follow_us": "Follow Us",
    "copyright": "© 2024 World Education & Innovation College of Kyrgyzstan. All rights reserved."
  }
}
