{
  "meta": {
    "title": "Кыргызстан Дүйнөлүк Билим жана Инновация Колледжи",
    "description": "Инновацияга, мыктылыкка жана дүйнөлүк билим берүү стандарттарына багытталган Кыргызстандын алдыңкы жогорку окуу жайы.",
    "keywords": "билим берүү, колледж, Кыргызстан, инновация, жогорку билим, университет"
  },
  "nav": {
    "home": "Башкы бет",
    "about": "Биз жөнүндө",
    "admissions": "Кабыл алуу",
    "news": "Жаңылыктар",
    "contact": "Байланыш",
    "language": "Тил"
  },
  "home": {
    "hero": {
      "title": "Кыргызстан Дүйнөлүк Билим жана Инновация Колледжи",
      "subtitle": "Инновациялык билим берүү жана дүйнөлүк мыктылык аркылуу акыл-эсти күчөтүү, келечекти калыптандыруу",
      "cta_apply": "Азыр арыз бер",
      "cta_explore": "Программаларды изилдөө",
      "cta_learn": "Көбүрөөк билүү"
    },
    "mission": {
      "title": "Биздин миссия жана көрүнүш",
      "mission_title": "Миссия",
      "mission_text": "Академиялык мыктылыкты практикалык инновация менен айкалыштырган дүйнөлүк деңгээлдеги билим берүү, студенттерди дүйнөлүк лидерлер жана өзгөртүүчүлөр болууга даярдоо.",
      "vision_title": "Көрүнүш",
      "vision_text": "Борбордук Азиядагы алдыңкы билим берүү мекемеси болуу, инновацияга, изилдөөгө жана келечектеги лидерлерди өнүктүрүүгө болгон милдеттенишибиз менен таанылуу.",
      "values_title": "Негизги баалуулуктар",
      "values": [
        "Билим берүүдөгү мыктылык",
        "Инновация жана изилдөө",
        "Дүйнөлүк көз караш",
        "Адептүүлүк жана этика",
        "Студентке багытталган окутуу"
      ]
    },
    "stats": {
      "students": "Студенттер",
      "faculty": "Факультет мүчөлөрү",
      "programs": "Академиялык программалар",
      "countries": "Өкүлчүлүк кылган өлкөлөр"
    },
    "news": {
      "title": "Акыркы жаңылыктар жана иш-чаралар",
      "view_all": "Бардык жаңылыктарды көрүү"
    }
  },
  "about": {
    "title": "Биз жөнүндө",
    "history_title": "Биздин тарых",
    "history_text": "Кыргызстанда жогорку билим берүүнү өзгөртүү көрүнүшү менен түзүлгөн биздин колледж түзүлгөндөн бери билим берүү инновациясынын алдыңкы катарында турат. Биз салттуу академиялык мыктылыкты заманбап окутуу методдору менен айкалыштырабыз.",
    "faculty_title": "Биздин факультет",
    "faculty_subtitle": "Биздин көрүнүктүү окутуучулар жана изилдөөчүлөр менен таанышыңыз",
    "achievements_title": "Жетишкендиктер жана таануу",
    "achievements": [
      "Эл аралык билим берүү стандарттары кеңешинин аккредитациясы",
      "Кыргызстандагы эң мыкты 5 жеке колледждин катарында",
      "2023-жылы изилдөөдөгү мыктылык сыйлыгы",
      "15+ университет менен эл аралык өнөктөштүк"
    ]
  },
  "admissions": {
    "title": "Кабыл алуу",
    "requirements_title": "Кабыл алуу талаптары",
    "requirements": [
      "Орто мектеп аттестаты же анын эквиваленти",
      "Минималдуу GPA 3.0",
      "Англис тилин билүү тести (IELTS/TOEFL)",
      "Жеке билдирүү",
      "Сунуш каттары"
    ],
    "process_title": "Арыз берүү процесси",
    "process": [
      "Онлайн арыз берүү",
      "Керектүү документтерди жүктөө",
      "Арыз акысын төлөө",
      "Маекке катышуу (керек болсо)",
      "Кабыл алуу чечимин алуу"
    ],
    "fees_title": "Окуу акысы жана төлөмдөр",
    "fees_text": "Биз квалификациялуу студенттер үчүн ар кандай каржылык жардам мүмкүнчүлүктөрү менен атаандаштыкка жөндөмдүү окуу акыларын сунуштайбыз.",
    "international_title": "Чет элдик студенттер",
    "international_text": "Биз дүйнө жүзүнөн студенттерди кубаттайбыз жана чет элдик арыз берүүчүлөр үчүн кеңири колдоо көрсөтөбүз."
  },
  "news": {
    "title": "Жаңылыктар жана иш-чаралар",
    "filter_all": "Баары",
    "filter_academic": "Академиялык",
    "filter_student": "Студенттик жашоо",
    "filter_events": "Иш-чаралар",
    "search_placeholder": "Жаңылыктарды издөө...",
    "read_more": "Көбүрөөк окуу"
  },
  "contact": {
    "title": "Биз менен байланышыңыз",
    "address_title": "Дарек",
    "phone_title": "Телефон",
    "email_title": "Электрондук почта",
    "form_title": "Бизге кат жөнөтүңүз",
    "form_name": "Толук аты",
    "form_email": "Электрондук почта дареги",
    "form_subject": "Тема",
    "form_message": "Билдирүү",
    "form_submit": "Кат жөнөтүү"
  },
  "footer": {
    "description": "Кыргызстандын алдыңкы жогорку окуу жайы, билим берүүдөгү мыктылыкка жана инновацияга берилген.",
    "quick_links": "Тез шилтемелер",
    "contact_info": "Байланыш маалыматы",
    "follow_us": "Бизди ээрчиңиз",
    "copyright": "© 2024 Кыргызстан Дүйнөлүк Билим жана Инновация Колледжи. Бардык укуктар корголгон."
  }
}
